[{"__symbolic":"module","version":3,"metadata":{"createErrorResponse":{"__symbolic":"function","parameters":["req","status","message"],"value":{"__symbolic":"error","message":"Expression form not supported","line":20,"character":21}},"createObservableResponse":{"__symbolic":"function","parameters":["req","resOptions"],"value":{"__symbolic":"error","message":"Function call not supported","line":31,"character":36}},"emitResponse":{"__symbolic":"function"},"InMemoryDbService":{"__symbolic":"class","members":{"createDb":[{"__symbolic":"method"}]}},"InMemoryBackendConfigArgs":{"__symbolic":"class"},"removeTrailingSlash":{"__symbolic":"function","parameters":["path"],"value":{"__symbolic":"error","message":"Expression form not supported","line":137,"character":22}},"InMemoryBackendConfig":{"__symbolic":"class","decorators":[{"__symbolic":"call","expression":{"__symbolic":"reference","module":"@angular/core","name":"Injectable"}}],"members":{"__ctor__":[{"__symbolic":"constructor","parameters":[{"__symbolic":"reference","name":"InMemoryBackendConfigArgs"}]}]}},"isSuccess":{"__symbolic":"function","parameters":["status"],"value":{"__symbolic":"binop","operator":"&&","left":{"__symbolic":"binop","operator":">=","left":{"__symbolic":"reference","name":"status"},"right":200},"right":{"__symbolic":"binop","operator":"<","left":{"__symbolic":"reference","name":"status"},"right":300}}},"setStatusText":{"__symbolic":"function"},"InMemoryBackendService":{"__symbolic":"class","decorators":[{"__symbolic":"call","expression":{"__symbolic":"reference","module":"@angular/core","name":"Injectable"}}],"members":{"__ctor__":[{"__symbolic":"constructor","parameterDecorators":[null,null,[{"__symbolic":"call","expression":{"__symbolic":"reference","module":"@angular/core","name":"Inject"},"arguments":[{"__symbolic":"reference","name":"InMemoryBackendConfig"}]},{"__symbolic":"call","expression":{"__symbolic":"reference","module":"@angular/core","name":"Optional"}}]],"parameters":[{"__symbolic":"reference","module":"@angular/core","name":"Injector"},{"__symbolic":"reference","name":"InMemoryDbService"},{"__symbolic":"reference","name":"InMemoryBackendConfigArgs"}]}],"createConnection":[{"__symbolic":"method"}],"handleRequest":[{"__symbolic":"method"}],"addDelay":[{"__symbolic":"method"}],"applyQuery":[{"__symbolic":"method"}],"clone":[{"__symbolic":"method"}],"collectionHandler":[{"__symbolic":"method"}],"commands":[{"__symbolic":"method"}],"delete":[{"__symbolic":"method"}],"findById":[{"__symbolic":"method"}],"genId":[{"__symbolic":"method"}],"get":[{"__symbolic":"method"}],"getLocation":[{"__symbolic":"method"}],"indexOf":[{"__symbolic":"method"}],"parseId":[{"__symbolic":"method"}],"parseUrl":[{"__symbolic":"method"}],"post":[{"__symbolic":"method"}],"put":[{"__symbolic":"method"}],"removeById":[{"__symbolic":"method"}],"resetDb":[{"__symbolic":"method"}],"setPassThruBackend":[{"__symbolic":"method"}]}}}},{"__symbolic":"module","version":1,"metadata":{"createErrorResponse":{"__symbolic":"function","parameters":["req","status","message"],"value":{"__symbolic":"error","message":"Expression form not supported","line":20,"character":21}},"createObservableResponse":{"__symbolic":"function","parameters":["req","resOptions"],"value":{"__symbolic":"error","message":"Function call not supported","line":31,"character":36}},"emitResponse":{"__symbolic":"function"},"InMemoryDbService":{"__symbolic":"class","members":{"createDb":[{"__symbolic":"method"}]}},"InMemoryBackendConfigArgs":{"__symbolic":"class"},"removeTrailingSlash":{"__symbolic":"function","parameters":["path"],"value":{"__symbolic":"error","message":"Expression form not supported","line":137,"character":22}},"InMemoryBackendConfig":{"__symbolic":"class","decorators":[{"__symbolic":"call","expression":{"__symbolic":"reference","module":"@angular/core","name":"Injectable"}}],"members":{"__ctor__":[{"__symbolic":"constructor","parameters":[{"__symbolic":"reference","name":"InMemoryBackendConfigArgs"}]}]}},"isSuccess":{"__symbolic":"function","parameters":["status"],"value":{"__symbolic":"binop","operator":"&&","left":{"__symbolic":"binop","operator":">=","left":{"__symbolic":"reference","name":"status"},"right":200},"right":{"__symbolic":"binop","operator":"<","left":{"__symbolic":"reference","name":"status"},"right":300}}},"setStatusText":{"__symbolic":"function"},"InMemoryBackendService":{"__symbolic":"class","decorators":[{"__symbolic":"call","expression":{"__symbolic":"reference","module":"@angular/core","name":"Injectable"}}],"members":{"__ctor__":[{"__symbolic":"constructor","parameterDecorators":[null,null,[{"__symbolic":"call","expression":{"__symbolic":"reference","module":"@angular/core","name":"Inject"},"arguments":[{"__symbolic":"reference","name":"InMemoryBackendConfig"}]},{"__symbolic":"call","expression":{"__symbolic":"reference","module":"@angular/core","name":"Optional"}}]],"parameters":[{"__symbolic":"reference","module":"@angular/core","name":"Injector"},{"__symbolic":"reference","name":"InMemoryDbService"},{"__symbolic":"reference","name":"InMemoryBackendConfigArgs"}]}],"createConnection":[{"__symbolic":"method"}],"handleRequest":[{"__symbolic":"method"}],"addDelay":[{"__symbolic":"method"}],"applyQuery":[{"__symbolic":"method"}],"clone":[{"__symbolic":"method"}],"collectionHandler":[{"__symbolic":"method"}],"commands":[{"__symbolic":"method"}],"delete":[{"__symbolic":"method"}],"findById":[{"__symbolic":"method"}],"genId":[{"__symbolic":"method"}],"get":[{"__symbolic":"method"}],"getLocation":[{"__symbolic":"method"}],"indexOf":[{"__symbolic":"method"}],"parseId":[{"__symbolic":"method"}],"parseUrl":[{"__symbolic":"method"}],"post":[{"__symbolic":"method"}],"put":[{"__symbolic":"method"}],"removeById":[{"__symbolic":"method"}],"resetDb":[{"__symbolic":"method"}],"setPassThruBackend":[{"__symbolic":"method"}]}}}}]